Receiver_ID,Name,Type,City,Contact
1,Donald Gomez,Shelter,Port Carlburgh,9559225295
2,Laurie Ramos,Individual,Lewisburgh,7610421570
3,Ashley Mckee,NGO,South Randalltown,6910230094
4,Erika Rose,NGO,South Shaneville,8296491111
5,John Romero,Individual,Bakerport,None
6,Mandy Sutton PhD,Shelter,East Sharimouth,6827775357
7,Kenneth Baker,NGO,South Edwinborough,1266456386
8,James Perez,Charity,Benjaminburgh,19867486688
9,Emily Turner,Shelter,West Robert,16310226157
10,Mary Salazar,NGO,Wrightland,11873337518
11,Amber Pacheco,Individual,South Gregorymouth,11559607276
12,Jennifer Bishop,NGO,Katherineside,18013636355
13,Jamie Sutton,Shelter,Lake Matthewstad,11768478920
14,Brian Fischer,Shelter,Burkeside,9470413246
15,Donald Kelly,NGO,Port Ronald,9357985303
16,Elizabeth Lewis,NGO,Port Tara,5003863867
17,Melissa Castillo,NGO,Silvaport,6992329544
18,Lisa Williams,NGO,Moranhaven,3605055780
19,Courtney Sanders,NGO,North Cynthiaberg,10837540501
20,George Palmer,NGO,Sandrahaven,7448386083
21,Emily Davidson,NGO,Jonesside,18934730769
22,Kristina Meza,Shelter,Lake Nicole,11251600319
23,Kurt Ward,Individual,Aliciabury,4790359976
24,Tammy Moore,Individual,Monicafort,7211055278
25,Lisa Mcclain,NGO,Lake Elizabeth,2921539082
26,Kimberly Lindsey,Charity,Port Matthewmouth,19795111434
27,Johnny Page,NGO,Susanfurt,2519222940
28,Mary Franklin,Individual,Courtneyfurt,10461889986
29,Nicholas Robinson,NGO,Lake Kendra,9301048973
30,Bruce Sanchez,Shelter,North Heather,5984591819
31,Rose Powell,NGO,Spencermouth,2471527297
32,Audrey Perez,Individual,Taylorfort,6370257736
33,Anita Kerr,NGO,Walshfort,5689929509
34,Megan Alvarez,Individual,North Robert,6244329386
35,James Castaneda,Shelter,South Rachaelhaven,9322772945
36,Teresa Davis,Charity,Olsonville,17375073051
37,Angel Adams,Shelter,West Erik,17858499596
38,Alexander Mullins,Charity,Josephview,2484817680
39,John Ramirez,Shelter,Moorechester,8597018773
40,Abigail Davis,Individual,West Carrie,3078253197
41,Julia Elliott,Shelter,Port Kellyburgh,16138826551
42,Maria Jacobs,NGO,Port Dawntown,2250198954
43,Bobby Perry,Charity,Amberfort,None
44,Andrew Lawson,Shelter,Davisborough,6225667870
45,Derek Potter,Charity,South Laurachester,4973727517
46,Kevin Lee,Charity,East Teresahaven,3542538089
47,Taylor Dean,Shelter,Moorechester,2971005658
48,Jennifer Graham,Individual,East Saraport,19797460394
49,Gabriel Nicholson,Charity,South Tonyaborough,None
50,Brian Gonzales,NGO,North Sarah,12414382803
51,Timothy Clark,Charity,Port Johnchester,2176621143
52,Cheryl Dillon,NGO,Hornemouth,3501461578
53,Cassandra Owens,Shelter,Tomburgh,18131937735
54,Veronica Howard,NGO,Higginsmouth,5176322362
55,Erika Rodriguez,Shelter,Larastad,17321320041
56,Deborah Smith,Individual,Jasonshire,9960394276
57,Christopher Lozano,Individual,New Mary,2178270862
58,Julia Madden,Shelter,Michaelton,3212078844
59,Alicia Thomas,Charity,Lake Mary,6043200347
60,Jessica Rivas,NGO,Phillipborough,3517831595
61,John Vazquez,Charity,South Kathleenbury,2370656422
62,Nichole Lewis,NGO,North Catherinefurt,7774455269
63,David Turner,Charity,East William,4456052297
64,Debra Sheppard,Shelter,North Darinshire,17266781689
65,Cody Gardner,NGO,Port Belinda,5653950421
66,Jade Jackson,Individual,West Jaclyn,None
67,Rodney Walker,Shelter,Strongshire,18333857777
68,Wesley Thompson,Charity,Edwardburgh,19012552891
69,Scott Brown,NGO,East Dylan,3021979398
70,Carolyn Whitaker,Individual,Gregoryville,6651783261
71,Timothy Daniel,Charity,New Gloriaburgh,15621819662
72,Charles Davidson,Shelter,West Angelatown,12946982957
73,Kimberly Mills,NGO,Christineton,2888215439
74,Patricia Smith,NGO,Laurafurt,2204535600
75,Nicholas Smith,Charity,Manningtown,16059701115
76,Anna Lopez,Individual,North Jenniferside,18056245306
77,Juan Spencer,Individual,North David,11442427963
78,Aaron Davis,Shelter,Marshallton,2310820755
79,Meagan Ramirez,Charity,Angelaville,16716667691
80,Eric Jackson,Individual,Knightburgh,7326023388
81,Theresa Ramirez,NGO,Port Gregoryport,15828957478
82,Laura Bennett,NGO,Evansside,3797191693
83,Julie Hines,NGO,Davidview,1436016545
84,Deanna Lewis,NGO,East Kelli,None
85,Jeffery Mueller,Charity,Lake John,3024932900
86,Jessica Grant,Charity,Smithshire,6011321809
87,Tammy Walker MD,Charity,West Ronaldland,9820447177
88,Eric Ryan DDS,NGO,Lake Daniel,16777946847
89,Mr. David Lambert,Individual,Robinsonside,9298411999
90,Alvin West,Shelter,Kellybury,4173148724
91,Ashley James,Charity,Garrettborough,1927847581
92,Bridget Peterson,NGO,Greenton,5090376331
93,Allison Bray,Individual,Alexatown,11222773588
94,Timothy Patel DVM,Charity,New Jessica,10468329667
95,Anthony Green,NGO,Laurafort,17060249230
96,Michael Walls,Individual,Carterside,6509307741
97,Nathan May,Charity,South Veronicaburgh,8087849354
98,Brian Cowan,Individual,Henryhaven,2341421265
99,Nancy Silva,Individual,Russellville,9292213591
100,Melissa Little,NGO,Robertaborough,2502637746
101,Nicole Reid,Shelter,Hollytown,8085646895
102,Daniel Burton,Individual,North Matthewhaven,9722844190
103,Karen Cruz,Individual,West Justin,5005835978
104,Victor Reyes,Charity,North Joshuafort,14112308872
105,Trevor Wilson,NGO,North Pamela,16517191403
106,David Johnson,Individual,Lake Rebecca,None
107,Jessica Morris,NGO,Port Elizabethton,1377761761
108,Suzanne Dawson,NGO,East Josephstad,16821592143
109,Rachel Nguyen,NGO,Theresamouth,None
110,Karla Castillo,NGO,Lake Michaelton,1928112685
111,Deanna Flores,NGO,West Johnny,6692949581
112,Brady Lopez,Individual,Michaeltown,8312755906
113,Jonathan Young,Shelter,Georgeborough,1648641786
114,John Chase,NGO,Meganton,5304246470
115,Anthony Carter,Shelter,Scottmouth,4997267360
116,Mark Lee,Individual,Port Teresa,19837576830
117,Kelly Pierce,Shelter,East Heatherborough,5172321717
118,Matthew Tran,Charity,South Franciscoport,5831441560
119,Jasmine Robertson,Individual,Deanview,13880786769
120,Matthew Ramos,Shelter,Kennethberg,5035639703
121,Gavin Freeman,NGO,Ayalamouth,7826814168
122,Drew Cline,NGO,Port Patriciachester,5178287715
123,Teresa Williams,Charity,South Alexandraport,6732288829
124,Marie Andrade,Charity,Meghanfort,3140962823
125,Tammy Smith,Individual,Campbellchester,16685371925
126,Heather Brown,NGO,North Lori,8361161365
127,Hayden Hill,NGO,North Roger,1431125754
128,Sarah Carter,Charity,New Benjamin,15130185852
129,Denise Martinez,Charity,Drakeburgh,4638878557
130,Matthew Hughes,Charity,Marieview,4684314471
131,Shawn Mills,Charity,Jeffhaven,19511921790
132,Katherine Gomez,Charity,South Jasonberg,6098022108
133,Robert Johnson,NGO,West James,3017495770
134,Emily Christian,Individual,Marcusberg,7246292189
135,Jeanne Spencer,Shelter,Huntermouth,9874746001
136,Katherine Murphy,NGO,New Elaine,None
137,James Jones,NGO,Bakerfort,1224216342
138,Christina Potter,NGO,Phillipsbury,13661444542
139,Charles Martin,NGO,New Christopher,5860090817
140,Kristin Scott,Shelter,North Christina,5989059117
141,Christine Gray,Individual,Dawnview,14665380401
142,Melody Good,NGO,Wilsonfort,8802732716
143,Amanda Hendricks,Shelter,Nancyshire,None
144,Jennifer Nelson,Individual,North Paul,6138027241
145,David Hull,Shelter,Tanyachester,1398046633
146,John Cummings,Individual,Joshuamouth,1344646051
147,Sara Wise,NGO,New Shannonbury,None
148,Robert Simon,NGO,North Amandafort,1726467107
149,Nathan Willis,NGO,Danielfort,8303189696
150,Kelly Howe,Charity,Davidmouth,None
151,Lisa Eaton,Shelter,New Aimeemouth,3428696733
152,Jasmine Miranda,Individual,Caseyland,9135094800
153,Jason Holmes,Individual,Williamtown,18655330612
154,Thomas Johnson,Shelter,Lake Victoriaport,6267945876
155,Christopher Kennedy,Shelter,Patriciaton,5091798044
156,Corey Mitchell,Charity,Jacobsmouth,13921158557
157,Jason Davis,Individual,Charleston,5231146883
158,Gregory Murphy,Individual,South Ashley,None
159,Angela Cortez,NGO,Lisaton,16852164851
160,Tracy Hartman,Charity,South Jill,19472039101
161,Mary Nguyen,Charity,Mcclurestad,14531822743
162,Douglas Baxter,Individual,Amandaville,11395982308
163,Jennifer Anderson,Charity,Daleshire,10733754139
164,Aaron Scott,Charity,Heatherfurt,None
165,Danielle Bailey,Shelter,East Sarahtown,3268060927
166,Danielle Willis,Charity,Ginamouth,8704583747
167,Erica Fox,Charity,West Shawn,10299188786
168,Kayla Johnson,Shelter,East Timhaven,7865345065
169,Jon Stanton,Charity,Nguyenfurt,4677232786
170,Adam Browning,Charity,Port Erica,1965969067
171,Suzanne Velasquez,NGO,Joanchester,3056724633
172,Nicole Brown,Charity,Thomaston,2161216760
173,Jason Moore,NGO,West Courtneyport,9134685154
174,Matthew Johnson,Individual,Smithstad,2858590597
175,Stephanie Hoffman,Individual,New Tiffany,9725985363
176,Brendan Farley,NGO,Nicoleport,3763303007
177,Tonya Lucas,NGO,Robertsonchester,19135426523
178,Deanna Jarvis,Shelter,Port Emilymouth,7995658611
179,Adam Hodge,Charity,West Krystalview,11637515462
180,Michelle Cook,Shelter,Peterhaven,4129024858
181,Paul Evans,NGO,Smithshire,3222400397
182,Troy Miller,Charity,Seanside,8901485867
183,Nicole Walker,Individual,Thomasland,16174756913
184,Matthew Sanchez,Individual,Port Melissa,17159201622
185,Shannon Pineda,Individual,Lake Amanda,1292490893
186,John Massey,Shelter,Heathertown,4995907798
187,Amy Thomas,Shelter,Lake Erica,12152950597
188,Tina Ingram,Charity,Angelicatown,19671343646
189,Stephen Smith,Individual,Maxberg,6903261349
190,Maria Jackson,Charity,North Shelby,None
191,Brent Anderson,Shelter,New Seanburgh,2254787600
192,Rhonda King,Individual,Toddborough,3679585492
193,Jesse Brown,Charity,Figueroaport,14814250706
194,Alan Campbell,NGO,Shawmouth,9428070793
195,John Martin,Charity,New Jason,5811746644
196,Tara Bauer,Charity,Port Dustin,7099352878
197,Deanna James,Shelter,East Tinamouth,8391006940
198,Scott Anderson,Individual,East Teresamouth,7332968887
199,Ashley Rivers,Individual,East Sharon,19880512193
200,Nicole Williams,NGO,East Jillian,17857807784
201,Calvin Lucas,Individual,Corybury,4177309502
202,Veronica Coleman,NGO,North Mario,None
203,Vincent Matthews,Shelter,Allenmouth,None
204,Rachel Thomas,Individual,North Lindachester,4178735848
205,Kimberly Wilkins,Charity,West Casey,3783162949
206,Ashley Brooks,Individual,Ramseystad,4288209314
207,Nicholas Holloway,Shelter,South Kendraville,7198219201
208,Michael Flores,Charity,Andrewmouth,19726828043
209,Gina Payne,Individual,Steveberg,9608846634
210,Tara Mcmahon,NGO,South Anna,2835288473
211,Judy Griffith,Charity,Baileyville,12553916382
212,Ronald Gonzalez,Shelter,Stevenmouth,19463783210
213,Kelly Barber,NGO,Emilymouth,2594204088
214,Corey Rodriguez,NGO,New Roseville,18665447425
215,Mr. Matthew Johnson DDS,Charity,Port Stephen,1733110659
216,Morgan Massey,Charity,West Amybury,9292866902
217,Kelsey Holloway DDS,Charity,Ashleyborough,3007051978
218,Corey Lamb,Charity,New Daniel,8828939920
219,Alex Rogers,Charity,Lake Austinmouth,10176131019
220,Cassandra Mendoza,NGO,Dantown,2612673922
221,Rebecca Goodman,Shelter,Robinsonland,3922218538
222,Stephanie Jones,Shelter,West Aaronport,10299401111
223,David Henderson,Charity,Hallside,9769469613
224,Franklin Kelley,Charity,East Jacob,2077678809
225,Joseph Bowman,NGO,West Jessica,13634342847
226,Daniel Kerr,Charity,Fergusonton,5489559384
227,Samuel Hodge,NGO,Port Maria,3024637516
228,Joanna Wilkins,Charity,Singletonview,7968881488
229,Tina Watkins,Shelter,Bushview,7774795306
230,Nathaniel Moreno,NGO,Poolestad,8168189063
231,Christopher Barrett,Charity,Port Brianville,10997401254
232,David Smith,Charity,Davidshire,1064657709
233,Alicia Porter,Charity,Port Ericmouth,16526142884
234,Keith Atkinson,Charity,Lake Julia,6869684161
235,Megan Freeman,NGO,Rogerburgh,15102746183
236,Duane Burnett,Charity,New Derek,15901144533
237,Cathy Adams,Shelter,West Josephshire,2690614726
238,Kendra Krause,NGO,Davisburgh,4500320502
239,Lindsay Garcia,NGO,North Kimberlyport,None
240,Ronald Miller,Shelter,Edwardsside,None
241,Elizabeth Dunn,Charity,Wilsonfurt,None
242,Matthew Pearson,NGO,Garciaview,6212235497
243,Alexis Smith,NGO,West Vickie,12720793939
244,Jason Ramos,Shelter,Carolhaven,1460140992
245,Rebecca Sanchez,Shelter,New Craig,5864137361
246,Kristi Wagner,Shelter,Lake Darrellburgh,2642551562
247,John Mitchell,Charity,Aaronshire,10951847835
248,Victoria Lee,Charity,New Abigail,9797862359
249,Zachary Lewis,Charity,Lake Kelli,None
250,Jamie Ferguson,Charity,Jenniferberg,10521504048
251,Sarah Hodges,NGO,Martinland,10161631445
252,Angela Dunlap,Individual,New Julian,8542032129
253,Adam Pittman,NGO,West Christiantown,4559151588
254,Felicia Wilkinson,Shelter,Williamsfort,4034230469
255,Walter Myers,Individual,New Tina,12852788381
256,Derek Wilson,Individual,Christopherland,19638597585
257,David Bryant,Shelter,South Amy,4342903119
258,Scott Grant,Individual,Port Samantha,16918498860
259,Aimee Stone,NGO,Barnesport,1043947041
260,Patricia White,Charity,Lake Jessicaborough,4346354716
261,Maria Lang,NGO,East Moniquemouth,7952611223
262,Autumn Reed,NGO,East John,10012020048
263,Ann Mcclure,Shelter,West Johnmouth,3357769231
264,Sandra Townsend DVM,NGO,West Kelly,11358860842
265,Rebecca May,Individual,Murrayview,7831443726
266,Stacy Mayo,Shelter,Bauerton,13649252936
267,Randall Robbins,Shelter,Dylanton,13821126000
268,Steven Morton Jr.,Shelter,Kellybury,8845037406
269,Mrs. Paula Jones,Individual,Emilymouth,9353772742
270,Darlene Fernandez,Shelter,Monicaton,None
271,Mark Hartman,Individual,East Ashleyshire,8180151582
272,Walter Carter,Shelter,Brianchester,1707344123
273,Jonathan Soto,Charity,Autumnbury,2479938111
274,Robin Ross,Individual,East Williamborough,7807540093
275,Michael Johnson,Individual,Longmouth,None
276,Scott Hunter,Individual,Greenton,None
277,Austin Jones,Charity,Brandonside,6014748397
278,Jay Roberts,Shelter,West Christopher,4358151380
279,Angela Wyatt,Charity,Port Jessica,5929131646
280,Jesse Miller,Shelter,Port Samanthamouth,1420764130
281,Mrs. Kristin Adams DDS,Charity,Lake Christychester,None
282,Lisa Pitts,Shelter,Lake Stephenport,17093423522
283,Edward Cook,Charity,Isaiahtown,9905345202
284,Beth Sanchez,NGO,Dustinfurt,8967378178
285,Derrick Curtis,NGO,Stephaniechester,1400951639
286,Travis Hughes,Shelter,Castilloland,9059766704
287,Jennifer Johnson,Charity,Burnettton,7970971389
288,Christopher Larsen,NGO,Susanview,1464226270
289,Nathan Reynolds,Shelter,Lake Tina,None
290,Karen Brennan,Shelter,Hannahside,6935324960
291,Dawn Thompson,Charity,North Josephland,1419736585
292,Mrs. Emily Smith DVM,NGO,Shermantown,3485424932
293,Randy Roach,Charity,East Bryan,8885344534
294,Cynthia Horton,NGO,Jamesstad,5355765970
295,Joseph Williams,Individual,East Dale,11125139413
296,Pamela Santos,Shelter,Lake Michael,8651865350
297,Deanna Daniels,Individual,Aguilarstad,14369292288
298,Robert Burke,NGO,Marksmouth,9952978023
299,Michael Curtis,Shelter,Alexanderbury,15236878881
300,Jeanne Benjamin,NGO,North Alexander,5950007971
301,Kristina Simpson,NGO,Melissaport,3752453906
302,Daniel Moore,Charity,Port Richard,1768098232
303,Joseph Davis,NGO,Millerport,7798026319
304,Jennifer Ayala,NGO,Edwardshaven,9290158411
305,Brendan Vargas,NGO,Kellyville,9816606741
306,Donna Williams,Charity,Calebview,None
307,Logan Becker,Charity,North Patriciamouth,12262391432
308,Robin Pena,NGO,Cynthiashire,6917758145
309,Bryan Smith,Individual,New Julia,11275506441
310,Gary Adams,Individual,New Sara,13238234026
311,Tina Jackson,Charity,Geraldchester,1030025677
312,Pamela Morales,NGO,Schaeferfort,7916242530
313,David Marsh,Shelter,North Kimberlyfort,4985265768
314,Kelsey Smith,Shelter,Haleymouth,7649893036
315,Anthony Harris,Individual,West Aaronberg,8113062805
316,Jacob Montoya,NGO,Meganmouth,6098586366
317,Martha Flores,NGO,Lake Glenview,5684260750
318,Michael Carter,Charity,Danielborough,11494689647
319,Donald Bender,Charity,Andersenfort,2628996349
320,Carmen Barker,Shelter,North Williamview,11512843163
321,Wanda Wise,Shelter,South Bethanyport,9400280493
322,Stephanie Mathews,Shelter,North Ashleymouth,18522427762
323,Linda Banks,Individual,New Sarahmouth,3235409403
324,Kristine Martin,NGO,Thompsonhaven,4449544127
325,Lawrence Owens,Individual,South Amybury,15657487655
326,Douglas Jacobs,NGO,East Gina,8190722490
327,Aaron Keller,Shelter,Melissaview,7995680302
328,Carlos Lawrence,Individual,New Justinhaven,2725803538
329,Christine Patterson,Individual,Edwardfort,12709070981
330,Kimberly Hamilton,Individual,North Bruce,3984868232
331,Shane Stein,Individual,Reidton,None
332,Raymond Harris,Charity,Hammondfort,1731852783
333,Gabriel Vargas,Charity,Chaseview,13432542598
334,Gina Wu DDS,Shelter,Lake Melindaside,4843500946
335,Deborah Sexton,Shelter,Victoriastad,8999364720
336,Laura Marshall,Charity,East Lisafurt,13891677916
337,Jennifer Schmidt,Individual,South Michelleshire,None
338,Patrick Zimmerman,Shelter,Thomasberg,9136389318
339,Dustin Johnson,Individual,Gomezmouth,11719952815
340,John Baxter,NGO,New William,8944419136
341,Anna Buckley,Individual,Murphyfort,4212819097
342,Kristina Vargas,Charity,Lake Rebeccaton,3647796707
343,Roberto Stanley,Shelter,Melindaview,2732994177
344,Barbara Velasquez,Charity,Priceborough,6692474183
345,Eric Ramos,Individual,Rushfurt,5159281587
346,Mr. Mark Knight DVM,Charity,East Joseph,7577967872
347,Michael Keller,Individual,New Derek,None
348,Donna Hughes,Individual,Maryfort,3525203779
349,Gwendolyn Johnson,Individual,West James,6497149926
350,Sylvia Stanley,Shelter,Jenniferbury,None
351,Kerry Jones,Charity,New Christopher,7257795651
352,Cody Martin,Individual,Angelamouth,2396786580
353,Mrs. Stacey Morales MD,Individual,Juliastad,8660509817
354,Kimberly Nelson,Charity,Lake Lesliemouth,None
355,Brian Hoffman,Shelter,Lake Dillonborough,7187535421
356,Brian Cherry,Charity,Swansonport,16733722010
357,Jacob Orozco,Individual,West Jeffrey,7878348225
358,Brian Davis,Charity,Williamsfort,7506465852
359,Travis Walker,NGO,West Dan,8439050785
360,Tammy Boone,Shelter,New Christopher,3017137646
361,Samuel Lewis,Individual,North Nicole,13818075033
362,Elizabeth Collins,Shelter,Johnland,6015328275
363,Stephanie West,Charity,North Jamesfurt,17942545542
364,Keith Gray,Charity,New Corey,12970873713
365,Melissa Green,Shelter,South John,6216980426
366,Tony Holmes,NGO,Jaredport,6231314040
367,Ricardo Roberts,Individual,West Matthewborough,3718571738
368,Debra Murray,NGO,Duncanchester,5668325437
369,Sherry Hall,NGO,Davidmouth,2561663623
370,Tara Johns,Individual,Paulmouth,3741715991
371,William Frederick,NGO,Port Dean,12285519866
372,Harold Bowen,Charity,South Barbaraburgh,7326921653
373,Seth Esparza,Shelter,Port Brandonberg,2597616873
374,Ricky Walker,Individual,Port Johnstad,10667007862
375,Melissa Smith,Shelter,Lake Stevenburgh,16162305539
376,John Reeves,NGO,Jamieview,10503069244
377,Patrick Campbell,NGO,Leeton,7058064686
378,Brandi Buckley,Shelter,Lawrencechester,5187422945
379,Tara Graham,Shelter,Lake Cory,6178697697
380,Heather Silva,Charity,Lake Ryan,1340826530
381,Yvette Huffman,Charity,Reevestown,8398518386
382,Patricia Stevens,Shelter,Perezport,16284790049
383,Melissa Kennedy,Individual,West Tina,1293354916
384,Anthony Guerra,Charity,North Michelle,1022227070
385,William Barnes,Shelter,Kellyfurt,2572410749
386,Mary Hopkins,Individual,Tiffanyport,14763508465
387,Michael Proctor,Charity,Lisafurt,1195494969
388,Nicole Mueller,Charity,Rachelberg,2412691178
389,Kelly Buchanan,Charity,Lake Jonathanchester,1069275178
390,Victor Crawford,NGO,New Brandonton,13890875252
391,Regina Munoz,NGO,Lake Clinton,5859553149
392,Tracy Douglas,NGO,Gordonstad,10845228932
393,Dana Simmons,Shelter,West Jorge,None
394,Kyle Kerr,Charity,Sarahville,None
395,Joseph Davis,Charity,Sherryhaven,4268702757
396,Allison Martinez,NGO,New Amy,9455111142
397,Mr. Robert Rivera II,Individual,Bergerport,14701545478
398,Alex White,Charity,Port Carmen,2263638449
399,Jennifer Hughes,Charity,West Donnaton,11474301204
400,John Byrd,Shelter,West Randall,2193136702
401,Leslie Acevedo,Charity,Lake Matthew,None
402,Nicholas Mosley MD,Individual,North Manuel,17593327128
403,John Collins,Shelter,New Deborahville,12377663335
404,Marissa Fischer,Shelter,New Kevin,4544638142
405,David Evans,Shelter,Chambersmouth,3162219715
406,Ashley Martinez,NGO,Lake Crystal,1515212736
407,Arthur Thomas,Charity,Clarkhaven,17976158560
408,Jennifer Mccoy,Individual,Morganville,4301711148
409,Matthew Simmons PhD,Shelter,Brandonhaven,10406684559
410,Betty Reid,Charity,North Abigail,15266267117
411,Eric Kaiser,Shelter,West Mikayla,14939690455
412,David Carney,NGO,Port Dianemouth,17107321565
413,Dennis Schultz,NGO,New Natalieland,3480490216
414,Dr. Matthew Hughes DDS,NGO,Christopherchester,11267142290
415,Kevin Blair,Individual,Lake Laurenburgh,8870335757
416,Ernest Cox,Shelter,Christinaland,None
417,Justin Santos,NGO,Rayfurt,9532216291
418,Miss Mary Turner,Charity,North Holly,8993302450
419,Teresa Jackson,Shelter,Port Thomasstad,16201156715
420,Susan Green,Charity,Josephborough,17167787428
421,Jonathan Copeland,Shelter,Jonathanview,8360481897
422,Tina Bean,Charity,South Tyler,18770900264
423,Christine Bell,Individual,South Edwardburgh,1720333196
424,Pamela Harris,Charity,Lewisfort,3205623060
425,Robert Chavez,NGO,Chadport,8860499104
426,Jose Rivas,Shelter,Rosaleschester,14114559848
427,Toni Johnson,NGO,Lake Steven,None
428,Elizabeth Galvan,NGO,Lake Karen,18960181230
429,Daniel Williams,Shelter,Russellburgh,2886093038
430,April Johnson,NGO,Pagemouth,5404860312
431,Mr. Gregory Thompson,Charity,East Douglas,7253485813
432,Julie Brown,NGO,East Melissaport,5442006673
433,Michael Dunn,Individual,Lake Kyleside,12639942712
434,Jason Alvarez,NGO,South Connorview,1071645994
435,Whitney Evans,Shelter,Martinezside,13559119659
436,Jacqueline Turner,NGO,Robertsport,9378418251
437,Lindsey Lewis,Shelter,West Rogerview,16102098312
438,Jane Davis,Individual,Lake Joshuaville,14805548487
439,Erika Lopez,Shelter,North Margarethaven,1170271702
440,Alexander Walsh,Individual,Troyshire,14436387858
441,Cynthia Johnson,Charity,West Cherylland,7160980270
442,Natasha Harper,NGO,Port Sara,4747633272
443,Brittany Anderson,Individual,Port Michaelmouth,6109214134
444,Michael Simmons,Individual,Coreymouth,4272373480
445,Christopher Williams,NGO,North Kathryn,3045504023
446,Eric Mays,NGO,Port Deborahbury,5556987496
447,Erika West,Individual,Mikemouth,4096634270
448,Nicholas Harrison,Shelter,New Timothymouth,None
449,Mrs. Valerie Hartman,NGO,Port Jenniferborough,1271218776
450,Russell Smith,Charity,New Rebecca,15815756141
451,Marcus Gregory,Shelter,Hollyside,4524904054
452,Tina Banks,Charity,Port Judith,9865357620
453,Kristen Alvarado,NGO,Davidport,19657769092
454,Steven Griffin,NGO,Cruzborough,5115950189
455,Jennifer Kennedy,Individual,Port Deborah,9581893095
456,Rodney Perkins,Charity,Lake Christina,2914238876
457,Ryan Cole,Charity,Sandratown,14775486956
458,Michael Vargas,Charity,East Andrewhaven,9324661933
459,Brandon Riley,NGO,Powerston,7423646134
460,Karen Stafford,Shelter,West Justinberg,None
461,Tonya Lewis,NGO,Edwardport,9693197491
462,Timothy Martin,Charity,Lake Adriennechester,None
463,Frank Jackson,Charity,North Jeffreychester,4415046385
464,Richard Parsons,Shelter,Bushbury,17819931106
465,Makayla Davis,Shelter,Chrisport,2829299573
466,Christine Ashley,Individual,South William,None
467,Nathan Gonzales,Charity,East Daniel,5439084807
468,David Castro,Shelter,Heatherhaven,7015298611
469,Steven Martinez,Individual,Johnsonberg,7723986224
470,Edwin Osborne,NGO,North Robinville,1606057945
471,David Fuentes,NGO,North Kimberlyland,7679660659
472,Brian Hill,Charity,Port Dominique,14686660994
473,Justin Powell,Shelter,Port Sarah,18231123947
474,Christine Lawrence,Charity,Bobbyfort,9363786017
475,Kim Gamble,Individual,East Ginafort,None
476,Jennifer Baker,Shelter,Castilloshire,13405093899
477,Jorge Young,Shelter,Lake Rebeccaton,2086783432
478,Benjamin Wilson,NGO,West Aliciaburgh,5228626624
479,Karen Reeves MD,NGO,Lake Mitchellbury,3651743809
480,Michael Roberson,NGO,South Davidstad,8219451712
481,Heather Brown,Shelter,New Michaelport,11376225038
482,Timothy Garrett,NGO,Andersonview,9075323328
483,Emily Sandoval,Charity,Port Gregory,None
484,Mary Harrington,Shelter,Port Jason,7731596013
485,Debbie Cox,Charity,Christopherchester,18589891478
486,Ronald Brown,Shelter,New Dustin,7682014672
487,Micheal Peterson,NGO,West Jeffreyfurt,None
488,Patrick Jenkins,Charity,West Richard,1170988608
489,Erin Foster,Charity,Jessicatown,1049819543
490,Tiffany Smith,NGO,Port Brandon,1509541064
491,Molly Edwards,Charity,Rodriguezborough,3469124779
492,Julie Lewis,NGO,South Steven,5573523497
493,Chelsea Powell,Charity,Lake Rachelburgh,15270594168
494,Timothy Chavez,Individual,Brooksmouth,9390464362
495,Andrea Meyer,Individual,Christophertown,15795754238
496,Kristina Park,Charity,Langburgh,16085420101
497,Miss Jamie Gonzalez DDS,Charity,Proctorville,None
498,Dennis Ford,Charity,Port Derekland,5608388104
499,Ricky Harmon,Individual,Port Chaseport,8173998610
500,Richard Patterson,Charity,Huynhmouth,1091960030
501,William Davila,Individual,Gilbertborough,6320448155
502,Carly Austin,Charity,Connerland,5886969694
503,Eileen Scott,Charity,Lewismouth,8343314178
504,Michael Williams,Shelter,Matthewhaven,15112046271
505,Alexandra Owens,NGO,Bradleyland,9279961259
506,Mrs. Kim Blackwell,NGO,Port Margaretport,9780172536
507,Destiny Maldonado,Charity,Carlosfurt,2647546432
508,Kimberly Wilson,Individual,Susanville,9903662975
509,Drew Edwards,Charity,Huffmouth,19102170650
510,Jeremy Christensen,Individual,Ashleyborough,6787773829
511,Kimberly Cox,NGO,Lake Gloria,6289046503
512,Anne Stone,Shelter,Pittsville,4684829531
513,Dr. Ryan Gilbert,Individual,Sarahaven,5273864611
514,Ashley Bell,Shelter,Olsonland,17339054924
515,Misty Downs,NGO,Robertview,None
516,Gary Myers,Shelter,Turnerhaven,16699198102
517,Taylor Wolfe,Individual,New Travisland,5163674140
518,Katrina Smith,NGO,Stephanieberg,5771129949
519,Elizabeth Salazar,Shelter,Paynestad,6551474123
520,Alexandra Jones,NGO,Lisaborough,9258392741
521,David Robinson,NGO,Carolinebury,12255769253
522,Veronica Robinson,NGO,East Cynthiahaven,1088817279
523,William Fox,NGO,Port Angelafurt,2280026281
524,Tiffany Rodriguez,Charity,Ramirezhaven,19766242718
525,Michael Dixon,Charity,Rebeccaview,5796325450
526,Brian Morales,NGO,Darinland,4099397232
527,Kelli Fuentes,NGO,East Peter,15792002768
528,Alexander Dean,Charity,New Robert,12915003349
529,Amy Perez,Charity,West Jacquelineland,16926343701
530,Lindsay Yates,Individual,Diazshire,19885867568
531,Alexandra Rogers,Charity,Paulaburgh,9113263274
532,David Sellers DVM,Individual,South Michaelfurt,4923213443
533,Joseph Knapp,Shelter,New Michael,1170969114
534,Megan Miller,Individual,Anthonyport,2526655472
535,Jane Avila,Shelter,Christinahaven,None
536,Margaret Lloyd,Shelter,Phillipston,15512667292
537,Earl Eaton,Shelter,Port Michaelport,None
538,Ronald Norton,Individual,Carterton,13110605846
539,Jessica Lee,NGO,Vasquezberg,1295971071
540,Cristina Curtis,Individual,East Davidbury,5047220994
541,Amy Brown,NGO,Shelbyland,7529563208
542,Savannah Neal,Individual,Ashleeside,7502574736
543,Brenda Green,Charity,Jacobmouth,13445154579
544,Matthew Wright,NGO,Port Traci,17820744708
545,Peter Allen,Individual,Port Kristinechester,14878771518
546,Meagan Hughes,Charity,Lake Lance,1093649434
547,James Kennedy,Charity,South Donaldshire,5439018742
548,Gary Andrews,NGO,Gonzalezstad,11153683340
549,Trevor Lam,NGO,New Alexismouth,7262770665
550,Shawn Gibson,Individual,South Eric,12687930427
551,Kyle Vega,Shelter,West Alexandra,12393557045
552,Jeremiah Jones,NGO,Shaneport,3223114182
553,Scott Proctor,Shelter,Adamland,9982822315
554,Margaret Mccullough,Charity,Ortizmouth,8888903956
555,Mary Lewis,Individual,Port Richard,14436808966
556,James Wolfe,NGO,Woodsfurt,3377917990
557,Andrea Mcdaniel,NGO,Kingville,9383950602
558,Samantha Salinas,Charity,Rayberg,13013968153
559,Randy Martinez,Shelter,Brownville,17884511379
560,Matthew Mendez,Shelter,South Meganland,14061923141
561,Andrea Morris,NGO,Hallton,1513918350
562,Antonio Murphy,NGO,West Kevin,11775640300
563,Brandon Johnson,Charity,Randyville,1501609543
564,Justin Smith,Individual,Pottertown,15888743231
565,Brian Blankenship,Charity,East Jordanborough,14502916223
566,Michael Lewis,Individual,East Kimberlymouth,None
567,Peggy Knight,Shelter,North Michaelville,2932417469
568,Melissa Mclaughlin,Charity,Roberttown,6719087777
569,Danny Randolph,Shelter,South Yolanda,None
570,Anthony Cochran,Individual,Port Todd,19602530828
571,Lydia Phillips,Shelter,North Hollyland,7041622429
572,Diana Blair,Shelter,Murrayside,16327743398
573,William Clark,Shelter,Port Courtneyland,4689527647
574,Mr. William Hunt,Shelter,Barreratown,5648546978
575,Jennifer Davila,Shelter,Hollandburgh,14013718447
576,Justin Lopez,Individual,East Stephenton,5261538449
577,Thomas Burch,Charity,North Lori,3908825868
578,Larry Bradshaw,NGO,Lake Cody,18435973151
579,Nancy Guerrero,Individual,South Elizabeth,8913817696
580,Yesenia Solomon,Charity,Port Paulaton,7765870514
581,April Mcintosh,Charity,North Sherribury,9253875931
582,Douglas Cook,Shelter,Hunterbury,8724548537
583,Sean Henderson,NGO,Lake Gregory,5533264934
584,Austin Vance,Shelter,Whiteside,None
585,Mark Lewis,NGO,Lisaview,18945540220
586,Amy Barker,Shelter,North Nathanville,18068213010
587,Jennifer Clark,NGO,Spencermouth,18621967109
588,Laurie Alvarez,Shelter,North Raymond,4633929887
589,Nicole Williams,NGO,West Richard,7277713700
590,Terry Fernandez,Shelter,Mooreburgh,5060527523
591,Susan Clark,NGO,Beckville,None
592,Michael Pennington,Charity,South Gabrielmouth,9054209084
593,Douglas Mann MD,NGO,North Lisaburgh,3180399487
594,Sheri Johnson,Shelter,North Christopher,2539200751
595,Courtney Whitney,Individual,West Mariashire,15284467897
596,Natalie Navarro,Shelter,West Carrieberg,14337426627
597,Willie Nichols,Charity,Jonesland,11176097351
598,Alexa Guerra,NGO,Ariasbury,7691923865
599,Christopher Davis,NGO,South Yvettestad,14969525072
600,Bruce Alexander,Individual,New Tammyhaven,3765012938
601,Peter Gonzalez,Shelter,Biancaton,1125784601
602,Paul Carter,Individual,Kinghaven,1080025301
603,Christina Caldwell,Shelter,New Christopherburgh,4578745807
604,Ashley Hall,Individual,Butlerborough,15473443774
605,Tara Johnson,NGO,East Nathan,9017973598
606,Jenna Bowen,Shelter,Nicoleside,6821839790
607,Sean Wolf,NGO,Mcfarlandhaven,4909137034
608,Oscar Bauer,Charity,South Nicoleberg,18745076783
609,Brian Riddle,Shelter,Jenniferbury,1493189525
610,Jimmy Morton,Charity,New Carrie,17213480570
611,Jeff Rivas,Charity,Mcdanielmouth,6750654290
612,Meredith Griffin,NGO,Patriciamouth,3308187400
613,Renee Campbell,Shelter,North Tiffanyfort,1993750653
614,Peggy Parker,Shelter,South Waynefurt,6435183066
615,Rachel Carson,NGO,Robertside,19108522109
616,Christopher Wright,Shelter,New Kellytown,16310748622
617,Justin Lee,Individual,Shelleyburgh,1996465303
618,Samuel Mendez,Individual,Andersonland,None
619,Taylor Estrada,NGO,Nguyenview,13515565960
620,Cassandra Foster,Individual,West Danielview,2830475421
621,David Jordan,Individual,Mendozabury,7058168331
622,Gary Torres,Charity,Kimberlyview,8161412613
623,Phillip Rogers,Individual,Keithstad,6265546466
624,Alvin Day Jr.,NGO,East Heatherbury,7221278600
625,Paul Lee,NGO,Stephenchester,18741575024
626,Theresa Gonzalez,Charity,Port David,None
627,Beth Chavez,Shelter,East Nicole,12499911004
628,James Gardner,NGO,Morenoborough,4052113183
629,Andrea Hansen,NGO,Lake Mary,4075255651
630,Sarah Ochoa,Charity,Vancebury,9182551669
631,Diana Fisher,Shelter,New Daryl,9743914500
632,Austin Smith,NGO,North Marcusbury,2193818831
633,Jay Higgins,NGO,Perezhaven,8809908313
634,Jessica Watkins,Charity,Robertton,3689594075
635,Lisa Marshall,Charity,Johnville,3754231187
636,Devon Burton,Charity,Blakehaven,9071089325
637,Benjamin Soto,NGO,West Garretthaven,8693958395
638,Timothy Browning,Charity,Moralesfort,18362473024
639,Jeffrey Vaughan,Charity,Cameronfurt,1293657408
640,Joseph Smith,NGO,Anthonystad,7166983766
641,Robert Jones,Shelter,East Antoniobury,14801681124
642,Sarah Rose,NGO,New Ryanmouth,2473880838
643,Mary Morrow,NGO,Melaniehaven,19959219720
644,Deanna Brown DDS,Individual,Fowlerburgh,6951474833
645,Steven Armstrong,NGO,Robertfurt,2161559564
646,Maria Lee,Individual,West Juanchester,4337297840
647,Christine Davis,Charity,Josephton,1443597605
648,Heather Stewart,NGO,South Lucasview,5189364091
649,Cory Schmidt MD,Individual,Johnsonville,19155356309
650,Nicholas Peterson,NGO,West Troyview,15287831533
651,Rebecca Mcbride,Charity,Port Timothymouth,1594214100
652,Sandy Ward,Shelter,North Michael,15326460437
653,Jason Garcia,Shelter,Port Mariemouth,2296884610
654,John Murray,Shelter,Fernandezberg,16640040117
655,Lauren Golden,NGO,Michealstad,5091203093
656,Christopher Clark,NGO,Port Peggyshire,10209614423
657,Patricia Salas,Individual,Port Maryshire,5695147193
658,Frank Olson,Shelter,South Anthonyside,19967475678
659,Elizabeth Stewart,NGO,Kempstad,6597310182
660,James Hernandez II,Charity,Kenthaven,10362352960
661,Robert White,Charity,Petersonmouth,9828389359
662,Gabriel Harris,Individual,Port Shannonhaven,8530342142
663,Michael English,NGO,Lake Daniel,6123203740
664,Joseph Nelson,Individual,Phillipston,7800327079
665,Felicia Collier,NGO,Toddstad,11132024089
666,Meredith Hull,NGO,Markfurt,5758798768
667,Christine Beasley,Individual,Jensenland,6677294034
668,Maria Singh,NGO,Brandonhaven,13531271876
669,Karen Cox,Charity,Davidland,7917599054
670,Amber Hobbs,NGO,Rogersfort,9148645127
671,Cindy Green PhD,NGO,Sharpfurt,6744184457
672,Janice Thornton,Charity,Allenmouth,6467359177
673,Shelly Castillo,Charity,Chenview,19846412359
674,Stephen Harris,Charity,Port Seanshire,11638807237
675,Robert Day,NGO,Goodmanfort,12847424202
676,John Williams,Charity,Brooksborough,None
677,Joshua Rush,Charity,New Mark,6026944031
678,Joseph Johnson,NGO,South Jasminechester,4122028352
679,Alexis Rodriguez,Shelter,South Shirleymouth,7488278108
680,James Lewis,NGO,Richardton,11512871850
681,Becky Hernandez,Shelter,Jeanshire,19505109795
682,Paige Lewis,Shelter,Karenfort,1506085231
683,Mark Williams,NGO,Taylorport,15209638410
684,Kiara Martinez,Individual,Ellisborough,8299398804
685,Angela Knight,Individual,Port Joshua,4913302377
686,Spencer Roberts,Charity,East Sheenahaven,None
687,Danny Palmer,NGO,North Erikhaven,19313158378
688,Jeffrey Turner,Charity,East Tiffanyview,13211603094
689,Michael Murphy,NGO,Lake Sheilaland,18878436402
690,Jeffrey Knight,Individual,Wardshire,2077948313
691,Brittany Williams,Individual,Christinehaven,None
692,Christopher Stokes,Individual,Joshuahaven,13050487931
693,Carl Brewer,Individual,Nelsonbury,8467645157
694,Rachel Arnold,Shelter,New James,10876741329
695,Janet Newton,Individual,West Amandaport,9305908261
696,Kellie Hart,Charity,Changview,12355899126
697,Laura Leach,Charity,Davidtown,5465940771
698,Dawn Rodriguez MD,Charity,New Shauntown,10836243293
699,Sabrina Johnson,Charity,East Emily,15521243791
700,Kimberly Duncan,Shelter,West Monica,18511582436
701,Amber Arellano,NGO,South Marymouth,17184258787
702,Rebecca Chan,Charity,West Brittany,2797073052
703,Mr. Jonathan Williams,Individual,Bruceburgh,6060106061
704,Jason Lowe,NGO,Sarahside,None
705,Christopher Sellers,Charity,East Nathanstad,5709576832
706,Shannon Jensen,Shelter,Lake Kevinport,13785701120
707,Jason Martin,Charity,New Frederickfort,15018777120
708,Jacob Mendez,Individual,South Jason,8183586757
709,Matthew Sanchez,Individual,New Stephanie,1310834622
710,Eric Carrillo,Shelter,Nicholsonland,19050078793
711,Mark Carroll,Shelter,Lovestad,17623695612
712,Laura Graham,NGO,Mercerport,None
713,Robert Moses,Shelter,Port Terry,6298705299
714,Adam Phelps,Individual,North Amanda,15866126376
715,Tyler Christensen,Charity,Lake Douglas,3066912501
716,Angela Gregory,Individual,Lake Tracytown,8178566676
717,Jonathon Gregory,Individual,Shortfort,None
718,Matthew Brown,Individual,Port Amberfurt,7853360978
719,Brian Oneill,NGO,East Stephaniefort,4236914227
720,Jeremiah Terry,Individual,Nicoleberg,10955013103
721,Ashley Ramirez,Charity,Heatherburgh,6043823103
722,Deanna Owens,NGO,South Mark,8654109397
723,Lisa Kim,Individual,New Brandyhaven,14658562095
724,Randall Ford,Shelter,East Tasha,None
725,Edward Lopez,NGO,New Matthewton,6835917229
726,Tammy Brown,Shelter,Victorton,12445691621
727,Troy Jimenez,Shelter,Port Marc,8292462756
728,Dustin Stark,Charity,Kimberlymouth,7169504574
729,David Spence,Charity,Port Curtisside,18430061807
730,Felicia Glover,Shelter,East Michael,9828442370
731,Jacob Scott,Charity,South Jenniferburgh,18572168483
732,Jessica Shields,Shelter,South Richard,5190925018
733,David Fox,Individual,Longmouth,15428004782
734,Amanda Buchanan,NGO,Perryton,1217184571
735,Kyle Scott,Individual,Reedview,19802043107
736,Damon Schmidt,Charity,Cummingschester,16957223687
737,James Brown,Shelter,Lake Catherine,1525088754
738,Matthew Morgan,Charity,Robertton,5355122781
739,Nancy Jones,Shelter,West Bradley,8064578047
740,Denise Lucas,Charity,East Jamesmouth,None
741,Amber Burnett,Charity,Garciashire,9013559555
742,Matthew Webb,Charity,West David,19983419445
743,Nicholas Tucker,Charity,Port Samantha,2900712070
744,Matthew Deleon,Individual,Danielsview,None
745,Jose Vance,NGO,Lake Heatherberg,2166207837
746,Kenneth Barnes,NGO,South Lindsay,8684340244
747,Vanessa Johnson,Shelter,Wilsonshire,1513477079
748,Bridget Williams,Charity,South Williamview,10793472416
749,Michael Craig,Individual,Moralesburgh,1314899950
750,Levi Lucas,Charity,North Vanessamouth,None
751,Travis Johnson,Shelter,South Edward,7856401614
752,Cassidy Alvarado,Individual,Leahchester,18253644624
753,Samantha Potter,Charity,Aguilarbury,15414344196
754,Michael Ford,Individual,New Sean,3899888452
755,Eugene Beltran,Shelter,South Samanthaburgh,16966162431
756,Emma Anderson,NGO,Lake Michelle,13693475266
757,Christopher Garcia,Charity,North Danielchester,18375555633
758,Jennifer Lucero,NGO,South Theresaberg,3861055091
759,Kathleen Watkins,Shelter,Hardyberg,4357884119
760,Gina Blankenship,Shelter,Brittanyborough,13187217199
761,Douglas Roberts,Shelter,Deanstad,19880777950
762,Donna Chang,NGO,East Stevenborough,9564962501
763,Karen Williamson,Shelter,Sandovalmouth,8575884472
764,Krista Williams,Shelter,Oliverberg,4814373776
765,Joshua Hooper,Shelter,Buchananton,10134631430
766,John Reynolds,Shelter,Grahambury,10620859402
767,Jordan Hart,Shelter,East Julietown,11617536365
768,Mary Wilson,Charity,Lake Kimberlyton,4843363858
769,John Warner,Shelter,Cookhaven,10033205395
770,Jacob Gibbs,Charity,New Jesus,8062651675
771,Emily Gallagher,Individual,Wagnerburgh,4916631678
772,Cassandra Yoder,Charity,Danielfurt,19287660621
773,Hunter Richards,NGO,West Victoriaberg,15817781214
774,Tracy Bass,NGO,South Jessicaburgh,4612584749
775,Thomas Nelson,Charity,Donnamouth,12276018962
776,James Thompson,Shelter,Ronaldmouth,1217327913
777,Julie Dickerson,Shelter,Diazbury,3831382733
778,Kristie Townsend,Shelter,Melissaberg,1674389582
779,James Turner,NGO,North Mallorystad,17007097978
780,Jacqueline Johnson,Shelter,Jeffreyland,12086571423
781,Jason Taylor,NGO,Reginaburgh,1506380354
782,Timothy Burns,Charity,East Janetstad,2625557560
783,Monica Phillips,Charity,New Phillipfurt,1885889838
784,Jill Harris,Shelter,Josephfurt,None
785,Melissa Lee,Charity,Brownport,8331940479
786,Robert Kim,Shelter,Port Gabrielleborough,5131567998
787,Rachel Rios,NGO,Sarahaven,3191048885
788,Beth Phillips,NGO,Zacharyview,2933832279
789,Laura Robertson,NGO,Hansonfurt,6168516533
790,Stephanie Smith,Charity,West Carrieport,10284115954
791,David Kennedy,Charity,Port Caleb,10616129715
792,Tamara Frey,Shelter,Deanfort,9761685693
793,Renee Anderson,Charity,Princehaven,None
794,Lee Nunez,Individual,Andersonfort,4688571870
795,Caitlin Cobb,Charity,North Andresport,19688714930
796,Lisa Carroll,NGO,South Jamesfort,12238428919
797,Robert Becker,Charity,Danielland,None
798,James Estrada,Individual,Westport,10204508542
799,Adam Moore,Charity,East Josephview,11190803260
800,Anthony Garcia,Individual,Brownbury,18455419687
801,Samantha Simpson,Shelter,West Meganmouth,10308323866
802,Lisa Cruz,Charity,Stevenmouth,3720917748
803,Joseph Stafford,Shelter,Lake Lindseystad,8127825617
804,Elizabeth Cochran,NGO,Theresabury,7711350025
805,Sharon Martin,Individual,South Michelleport,8858892008
806,James Miller,NGO,Lisabury,14998196868
807,Taylor Miller,NGO,Josephside,10222705486
808,Pamela Finley,Individual,Harrisfurt,11605425380
809,Karen Cain,Individual,East Daisybury,5069604185
810,Cody Meyer,NGO,Westshire,4151472095
811,Scott Schroeder,Shelter,Markfurt,12290422531
812,Sabrina Klein MD,Individual,Shawhaven,None
813,Amber Hale,Individual,Comptonside,17502352728
814,Michael Petersen,NGO,Maryside,14543011932
815,James Miller,NGO,North Dawn,13591397284
816,Jeremiah Hampton,Charity,South Sheryl,8370484121
817,Victoria Torres,Charity,Martinchester,16247809445
818,Danielle Hayes,NGO,Andreaberg,1310927379
819,Christina Lambert,Shelter,Delgadofort,6375169143
820,Patrick Velasquez,Individual,West Jacob,6061667246
821,Jeffrey Wilson,Charity,Davisport,12453907219
822,Aaron Malone,Shelter,East Mark,18031366978
823,James Rose,Shelter,East Amandaberg,6582047743
824,Madison Myers,Shelter,Cruzland,1235008333
825,Charles Morris,Charity,New Olivia,None
826,Mr. Steven Reeves MD,Individual,West Jacquelinefort,12637394608
827,John Simmons,NGO,North Tanner,7973886145
828,Jason Mcpherson,Shelter,Michaelside,4036934197
829,Mr. Brian Fox,Charity,Scottbury,3013164760
830,Jeffrey Cooper,Shelter,Lake Christian,18772455095
831,Samantha Ellison,Individual,New Kimberly,5224377292
832,Kylie Young,Shelter,Ginaview,9131186244
833,Kelly Pierce,Shelter,West Josephland,3704671150
834,Renee Flynn,Individual,South Mark,None
835,Jennifer Wright,Shelter,Lauratown,2575563261
836,Scott Craig,Shelter,South Lisa,1183826136
837,Michelle Reed,Shelter,West John,1072168815
838,Jessica Stephens,Charity,West Michaelton,3589778320
839,Michael Cox,NGO,North Kelly,19537395146
840,Mary Anderson,Shelter,South Mirandamouth,11481260133
841,Brian Reed,NGO,Amandaburgh,6405649498
842,Robert Stewart,Shelter,New Laura,8735016244
843,Glenn Anthony,Charity,Halltown,5029607549
844,Andrew Gray,Individual,Lake Dustin,4480057192
845,Adam Horton,NGO,Ramosberg,3644230076
846,Charles Aguilar,NGO,Johnsonchester,11482619107
847,Wesley Myers,Shelter,Meganburgh,2859917532
848,Terrence Wagner,Individual,Taraside,18322467583
849,Kyle Johnson,Shelter,Ellisshire,18877666073
850,Kristopher Mendoza,Individual,Bradfurt,6781166339
851,Christina Brown,NGO,Wyattton,9830347865
852,Jo Martinez,Charity,Port Williamtown,12643426012
853,Tanya Lowe,Charity,Crawfordchester,6775969794
854,Christopher Diaz,Individual,Lorifurt,14421062480
855,Robert Abbott,NGO,Collierburgh,11145328181
856,Amanda Brown,Individual,New Larryshire,1763305060
857,Jennifer Taylor,Individual,Lake Kaylamouth,10242411359
858,Ashley Harris,Individual,Lake Stephenchester,16805824607
859,Dana Williams,Charity,Cookstad,5259995693
860,James Knight,Charity,Kirkfort,10015044343
861,Ashley Clark,NGO,Poolebury,5186226804
862,Justin Martinez,Individual,New Erikamouth,6973577122
863,Jessica Camacho,Individual,Billyland,1906749988
864,Justin Anderson,NGO,South Craigborough,19676298865
865,Katherine Houston,Individual,Lake Joshuabury,9354200196
866,Jose Cooper,Shelter,Pooleside,None
867,Tara Williams,Individual,New Dakotahaven,7246108348
868,Kayla Erickson,Shelter,West Lindseyside,2137526967
869,David Mendoza,Charity,North Shawnastad,15178649061
870,Joshua Mendoza,Charity,North Amy,8428767043
871,Veronica Adams,Individual,Natalieside,3857123680
872,Lori Peters,Individual,Annaborough,2706526057
873,Darius Reid,Charity,Port Philipmouth,3069395162
874,Danny Brown,Individual,East Shirley,8293712280
875,Scott Smith,Individual,New Donnahaven,13769655711
876,Jeremy Robinson,NGO,Jamesview,10971983229
877,Jeffrey Stafford,Shelter,North Nicholasborough,4544602468
878,Cory Johnson,NGO,Port Robertmouth,9443115766
879,Bridget Hill,Charity,South Emily,8684652331
880,Kristen Foster,Shelter,North Ricardo,7492528592
881,Alan Riley,NGO,Tylermouth,11916202120
882,Steven Shaffer,Shelter,Rodneyport,7997939460
883,Aaron Rios,NGO,New Jeffreyhaven,5436294859
884,Mary Evans,Shelter,North Josephmouth,2484575683
885,James Hardin,Individual,East Robert,7160356813
886,Amber Cruz,Shelter,Allenborough,10770731734
887,Jean Woods,Shelter,Fernandezchester,16885468304
888,Matthew Davis,Charity,Birdview,1367475533
889,Holly Aguilar,NGO,West Sara,7995062068
890,Joseph Whitaker,NGO,Jamesborough,10592718576
891,Thomas Myers,Shelter,North Haleyhaven,5798565722
892,Brian Hardy,NGO,Lake Williamhaven,None
893,Carrie Hess,Charity,Jarvisshire,18280679673
894,Tammy Fletcher,Charity,New Adrian,2195502711
895,Ms. Deborah Campos,Individual,West Barry,15799485058
896,Jennifer Smith,Shelter,Josephton,1797280744
897,Shelby Rice,Shelter,New Loriberg,12134702112
898,Emily Ramos,Shelter,East Michaelview,None
899,Rachel Pena,NGO,Grossport,5236685935
900,Hannah Reynolds,Charity,East Kevinberg,7310405330
901,Donald Caldwell,Shelter,Dawsonberg,11910712217
902,Michelle Riley,NGO,New Juliaton,10124979466
903,Cindy Robinson DDS,Shelter,Franklinview,4186239588
904,Amanda Kline,Shelter,East Travis,12653763204
905,Ann Odonnell,Charity,East Michael,9263457660
906,Christopher Gonzalez,Shelter,Payneland,15102412999
907,Jamie Jenkins,NGO,New Melanie,16769039528
908,Abigail Crawford,NGO,Lake Shawn,None
909,Matthew Cordova,NGO,Rubioborough,19055898944
910,Tina Donaldson,Shelter,Lake Brandibury,7364464714
911,Devon Martinez,Individual,Jessicaland,8612582469
912,Katelyn Proctor,Charity,Williamsborough,19492717461
913,Jeffrey Jones,NGO,Kennethmouth,2972292136
914,Jeffrey Walker,Individual,Woodardview,None
915,Deborah Garza,Shelter,South Alanville,6955892656
916,Lindsey Mathis,Shelter,Ianland,8165585061
917,Michael Townsend,Shelter,East Kevin,None
918,Katrina Cruz,Charity,Jenkinsfurt,7091915616
919,Sarah Brown,Shelter,North Christina,11198807367
920,Gregory Rodriguez,Charity,West Davidview,6716671616
921,Kelly Walls,Individual,Lake Victoriaton,8575175280
922,Savannah Holland,Individual,Kelleystad,4876887575
923,Victor Diaz,Shelter,Darinview,5619230470
924,Sarah Roberts,Shelter,North Janetland,15134593188
925,Cassidy Davis,Individual,West Donaldmouth,18153594471
926,Kimberly Ware,Individual,East Sheriton,10782660266
927,Mary Escobar,Individual,Gloriaview,6638636846
928,Barbara Richards,Charity,Carlostown,5248119365
929,Donna Terry,Charity,Mathistown,1048587570
930,Joseph Smith,Shelter,Dunnbury,9099131799
931,Rhonda Lewis,Individual,South Michael,10681511254
932,Justin Stevens,Charity,South Mary,17560511371
933,Jodi Lee,NGO,West Paulfort,3517962649
934,Dr. Wendy Terrell,Charity,Erikashire,5662368791
935,John Harris,NGO,Riverafort,18275450294
936,Jacob Horton,NGO,Port Douglasland,12867445283
937,Mark Ward,NGO,Port Jonathanton,None
938,Matthew Thornton,NGO,Hayesfort,1084069823
939,Chad Vaughn,Charity,Lake Brandonborough,5651992977
940,Lynn Lucas,Charity,Elizabethberg,6891290146
941,Jessica Boyd,NGO,South Heather,17584105626
942,Earl Hess,Charity,Rodneyborough,None
943,Rebecca Lucas,Charity,New Jessicabury,7214463873
944,Sharon Wood,Charity,New Melindashire,5282176863
945,Alex Leon,Individual,Caitlynhaven,6671140630
946,Taylor Mann,Charity,North Lawrence,17667482534
947,Debra Webster,Charity,East Debramouth,9302919053
948,Thomas Castaneda,NGO,West Ashleymouth,1825044729
949,Allison Pennington,Individual,North Lydiaberg,15867136798
950,Caitlin Bennett,NGO,Delacruzborough,3510503132
951,Brittany Mcclain,Individual,Robertville,8110362093
952,Sarah Morgan,Charity,Gilbertfurt,16308098000
953,Tina Anderson,Charity,Port Jonathanhaven,1021685649
954,Mark Russell,NGO,Nathanstad,3811753680
955,Christopher Wong,Charity,Jacquelineshire,7451357397
956,Jacqueline Fernandez,Charity,Kennethside,15734128522
957,Angela Hall,Charity,Greenville,2576243615
958,Scott Brown,Individual,Oneillland,18794487571
959,Samantha Gomez,Charity,Suzanneton,19554958534
960,Jason Hughes,Shelter,Myerstown,8516270395
961,Tyler Gray,NGO,West Dustinberg,3748508848
962,Donald Anderson,Shelter,North Stephanieborough,12249511888
963,Victor Ward,NGO,Johnhaven,6280482026
964,Donald Moore,Individual,Davisfort,17421648768
965,Ashley Silva,NGO,Port Thomas,5530483123
966,Sheila Lang,NGO,Lake Larryborough,15852862289
967,Samantha Sherman,Individual,Port Cindyberg,6592776748
968,Mr. Joseph Herring,Individual,Mariefurt,8390442094
969,Leon Foster,NGO,Bennettton,1989369076
970,Brandon Rice,Shelter,South Benjamin,15631222255
971,Teresa Estrada,Individual,Mayburgh,3207784104
972,Patricia Joseph,Individual,Lauraport,6119276696
973,Brian Johnson,NGO,Patrickfort,17514795501
974,Mark Miller,NGO,North Joshua,None
975,Danielle Bullock,Individual,Amandafurt,8882539476
976,Tammy Patrick,Individual,Clarkton,16715529014
977,Pamela Scott,Charity,South Paul,3106420442
978,Adam Evans,Individual,Lake Sonya,4843980067
979,Rebecca Wright,Charity,Teresastad,17073874410
980,Elizabeth Fisher,Shelter,Carrborough,2989083776
981,Dawn Jennings,Shelter,Port Cody,None
982,Thomas Villanueva,NGO,Gutierrezmouth,13386039644
983,Joanna Black,NGO,North Jacobhaven,7819505825
984,Steve Kirby,Charity,Travishaven,8151958711
985,Thomas Sanchez,NGO,Rodneyfurt,2315921072
986,Rita Kane,Shelter,South Jamie,13473062056
987,Becky Smith,Shelter,East Renee,7907087489
988,Kristi Rodriguez,Charity,Nielsenberg,3498645409
989,Timothy Bradshaw,Individual,North Laura,4512605312
990,Patricia Hardy,Shelter,Thomasport,None
991,Lindsey Wagner,Shelter,Jessicaburgh,4010527584
992,James Curry,Individual,Port Johnside,2230438999
993,Alexis Hayes,Shelter,Matthewmouth,5438120534
994,Angelica Simmons,NGO,Port Kellifort,9029428232
995,Brittany Taylor,Individual,Andrewsport,2965687106
996,Matthew Curtis,Shelter,Lanechester,1278894442
997,Amanda Cain,NGO,New Steven,10014915601
998,Theodore Briggs,Individual,South Sandra,9306099442
999,Cheyenne Ramsey,NGO,Lake Jeffery,13263204816
1000,April Miller,Shelter,Shelbychester,8948732652
